"Suspicious pointer scaling to char","Implicit scaling of pointer arithmetic expressions can cause buffer overflow conditions.","warning","This pointer might have type [[""sbf_buf_t""|""relative:///src/drivers/gps/devices/src/sbf.cpp:469:54:469:58""]] (size 110), but this pointer arithmetic is done with type uint8_t * (size 1).","/src/drivers/gps/devices/src/sbf.cpp","469","54","469","58"
"Suspicious pointer scaling to char","Implicit scaling of pointer arithmetic expressions can cause buffer overflow conditions.","warning","This pointer might have type [[""ubx_header_t""|""relative:///src/drivers/gps/devices/src/ubx.cpp:2480:27:2480:33""]] (size 6), but this pointer arithmetic is done with type uint8_t * (size 1).","/src/drivers/gps/devices/src/ubx.cpp","2480","27","2480","33"
"Suspicious pointer scaling to char","Implicit scaling of pointer arithmetic expressions can cause buffer overflow conditions.","warning","This pointer might have type [[""ubx_payload_tx_cfg_valset_t""|""relative:///src/drivers/gps/devices/src/ubx.cpp:854:31:854:57""]] (size 5), but this pointer arithmetic is done with type uint8_t * (size 1).","/src/drivers/gps/devices/src/ubx.cpp","855","9","855","14"
"Suspicious pointer scaling to char","Implicit scaling of pointer arithmetic expressions can cause buffer overflow conditions.","warning","This pointer might have type [[""ubx_payload_tx_cfg_valset_t""|""relative:///src/drivers/gps/devices/src/ubx.cpp:854:31:854:57""]] (size 5), but this pointer arithmetic is done with type uint8_t * (size 1).","/src/drivers/gps/devices/src/ubx.cpp","857","9","857","14"
"Suspicious pointer scaling to char","Implicit scaling of pointer arithmetic expressions can cause buffer overflow conditions.","warning","This pointer might have type [[""crsf_frame_t""|""relative:///src/lib/rc/crsf.cpp:230:39:230:49""]] (size 30), but this pointer arithmetic is done with type uint8_t * (size 1).","/src/lib/rc/crsf.cpp","243","30","243","43"
"Suspicious pointer scaling to char","Implicit scaling of pointer arithmetic expressions can cause buffer overflow conditions.","warning","This pointer might have type [[""crsf_frame_t""|""relative:///src/lib/rc/crsf.cpp:230:39:230:49""]] (size 30), but this pointer arithmetic is done with type uint8_t * (size 1).","/src/lib/rc/crsf.cpp","353","27","353","40"
"Suspicious pointer scaling to char","Implicit scaling of pointer arithmetic expressions can cause buffer overflow conditions.","warning","This pointer might have type [[""crsf_frame_t""|""relative:///src/lib/rc/crsf.cpp:168:39:168:49""]] (size 30), but this pointer arithmetic is done with type uint8_t * (size 1).","/src/lib/rc/crsf.cpp","174","10","174","23"
"Suspicious pointer scaling to char","Implicit scaling of pointer arithmetic expressions can cause buffer overflow conditions.","warning","This pointer might have type [[""ghst_frame_t""|""relative:///src/lib/rc/ghst.cpp:186:39:186:49""]] (size 18), but this pointer arithmetic is done with type uint8_t * (size 1).","/src/lib/rc/ghst.cpp","200","31","200","44"
"Suspicious pointer scaling to char","Implicit scaling of pointer arithmetic expressions can cause buffer overflow conditions.","warning","This pointer might have type [[""ghst_frame_t""|""relative:///src/lib/rc/ghst.cpp:186:39:186:49""]] (size 18), but this pointer arithmetic is done with type uint8_t * (size 1).","/src/lib/rc/ghst.cpp","325","27","325","40"
"Suspicious pointer scaling to char","Implicit scaling of pointer arithmetic expressions can cause buffer overflow conditions.","warning","This pointer might have type [[""ghst_frame_t""|""relative:///src/lib/rc/ghst.cpp:119:39:119:49""]] (size 18), but this pointer arithmetic is done with type uint8_t * (size 1).","/src/lib/rc/ghst.cpp","127","10","127","23"
"Conditionally uninitialized variable","An initialization function is used to initialize a local variable, but the returned status code is not checked. The variable may be left in an uninitialized state, and reading the variable may result in undefined behavior.","warning","The status of this call to [[""px4_clock_gettime""|""relative:///platforms/posix/src/px4/common/drv_hrt.cpp:469:5:469:21""]] is not checked, potentially leaving [[""rtc_system_time""|""relative:///src/drivers/gps/gps.cpp:399:11:399:25""]] uninitialized.","/src/drivers/gps/gps.cpp","453","3","453","19"
"Conditionally uninitialized variable","An initialization function is used to initialize a local variable, but the returned status code is not checked. The variable may be left in an uninitialized state, and reading the variable may result in undefined behavior.","warning","The status of this call to [[""px4_clock_gettime""|""relative:///platforms/posix/src/px4/common/drv_hrt.cpp:469:5:469:21""]] is not checked, potentially leaving [[""ts""|""relative:///src/lib/cdev/posix/cdev_platform.cpp:393:21:393:22""]] uninitialized.","/src/lib/cdev/posix/cdev_platform.cpp","396","5","396","21"
"Conditionally uninitialized variable","An initialization function is used to initialize a local variable, but the returned status code is not checked. The variable may be left in an uninitialized state, and reading the variable may result in undefined behavior.","warning","The status of this call to [[""px4_clock_gettime""|""relative:///platforms/posix/src/px4/common/drv_hrt.cpp:469:5:469:21""]] is not checked, potentially leaving [[""ts""|""relative:///platforms/common/uORB/SubscriptionBlocking.hpp:106:21:106:22""]] uninitialized.","/platforms/common/uORB/SubscriptionBlocking.hpp","107","5","107","21"
"Conditionally uninitialized variable","An initialization function is used to initialize a local variable, but the returned status code is not checked. The variable may be left in an uninitialized state, and reading the variable may result in undefined behavior.","warning","The status of this call to [[""px4_clock_gettime""|""relative:///platforms/posix/src/px4/common/drv_hrt.cpp:469:5:469:21""]] is not checked, potentially leaving [[""tv""|""relative:///src/modules/mavlink/streams/SYSTEM_TIME.hpp:58:12:58:13""]] uninitialized.","/src/modules/mavlink/streams/SYSTEM_TIME.hpp","59","3","59","19"
"Conditionally uninitialized variable","An initialization function is used to initialize a local variable, but the returned status code is not checked. The variable may be left in an uninitialized state, and reading the variable may result in undefined behavior.","warning","The status of this call to [[""px4_clock_gettime""|""relative:///platforms/posix/src/px4/common/drv_hrt.cpp:469:5:469:21""]] is not checked, potentially leaving [[""tv""|""relative:///src/modules/mavlink/streams/UTM_GLOBAL_POSITION.hpp:78:13:78:14""]] uninitialized.","/src/modules/mavlink/streams/UTM_GLOBAL_POSITION.hpp","79","4","79","20"
"Conditionally uninitialized variable","An initialization function is used to initialize a local variable, but the returned status code is not checked. The variable may be left in an uninitialized state, and reading the variable may result in undefined behavior.","warning","The status of this call to [[""_setup_ftp_msg""|""relative:///src/modules/mavlink/mavlink_tests/mavlink_ftp_test.cpp:951:6:951:35""]] is not checked, potentially leaving [[""msg""|""relative:///src/modules/mavlink/mavlink_tests/mavlink_ftp_test.cpp:989:20:989:22""]] uninitialized.","/src/modules/mavlink/mavlink_tests/mavlink_ftp_test.cpp","993","2","993","15"
"Conditionally uninitialized variable","An initialization function is used to initialize a local variable, but the returned status code is not checked. The variable may be left in an uninitialized state, and reading the variable may result in undefined behavior.","warning","The status of this call to [[""_setup_ftp_msg""|""relative:///src/modules/mavlink/mavlink_tests/mavlink_ftp_test.cpp:951:6:951:35""]] is not checked, potentially leaving [[""msg""|""relative:///src/modules/mavlink/mavlink_tests/mavlink_ftp_test.cpp:199:22:199:24""]] uninitialized.","/src/modules/mavlink/mavlink_tests/mavlink_ftp_test.cpp","206","2","206","15"
"Conditionally uninitialized variable","An initialization function is used to initialize a local variable, but the returned status code is not checked. The variable may be left in an uninitialized state, and reading the variable may result in undefined behavior.","warning","The status of this call to [[""uxr_read_submessage_header""|""relative:///src/modules/uxrce_dds_client/Micro-XRCE-DDS-Client/src/c/core/session/submessage.c:21:6:21:31""]] is not checked, potentially leaving [[""id""|""relative:///src/modules/uxrce_dds_client/Micro-XRCE-DDS-Client/src/c/core/session/session.c:1242:13:1242:14""]] uninitialized.
The status of this call to [[""uxr_read_submessage_header""|""relative:///src/modules/uxrce_dds_client/Micro-XRCE-DDS-Client/src/c/core/session/submessage.c:21:6:21:31""]] is not checked, potentially leaving [[""flags""|""relative:///src/modules/uxrce_dds_client/Micro-XRCE-DDS-Client/src/c/core/session/session.c:1242:42:1242:46""]] uninitialized.","/src/modules/uxrce_dds_client/Micro-XRCE-DDS-Client/src/c/core/session/session.c","1243","5","1243","30"
"Incorrect allocation-error handling","Mixing up the failure conditions of 'operator new' and 'operator new(std::nothrow)' can result in unexpected behavior.","warning","This allocation cannot return null. [[""This check""|""relative:///platforms/common/uORB/uORBDeviceMaster.cpp:102:7:102:21""]] is unnecessary.","/platforms/common/uORB/uORBDeviceMaster.cpp","99","28","99","76"
"Incorrect allocation-error handling","Mixing up the failure conditions of 'operator new' and 'operator new(std::nothrow)' can result in unexpected behavior.","warning","This allocation cannot return null. [[""This check""|""relative:///platforms/common/uORB/uORBDeviceNode.cpp:93:7:93:19""]] is unnecessary.","/platforms/common/uORB/uORBDeviceNode.cpp","91","30","91","74"
"Incorrect allocation-error handling","Mixing up the failure conditions of 'operator new' and 'operator new(std::nothrow)' can result in unexpected behavior.","warning","This allocation cannot return null. [[""This check""|""relative:///platforms/common/uORB/uORBManager.cpp:108:7:108:31""]] is unnecessary.","/platforms/common/uORB/uORBManager.cpp","106","20","106","37"
"Incorrect allocation-error handling","Mixing up the failure conditions of 'operator new' and 'operator new(std::nothrow)' can result in unexpected behavior.","warning","This allocation cannot return null. [[""This check""|""relative:///platforms/common/uORB/uORB_tests/uORBTest_UnitTest.cpp:112:26:112:32""]] is unnecessary.","/platforms/common/uORB/uORB_tests/uORBTest_UnitTest.cpp","75","22","75","46"
"Incorrect allocation-error handling","Mixing up the failure conditions of 'operator new' and 'operator new(std::nothrow)' can result in unexpected behavior.","warning","This allocation cannot return null. [[""This check""|""relative:///src/drivers/camera_trigger/camera_trigger.cpp:946:7:946:49""]] is unnecessary.","/src/drivers/camera_trigger/camera_trigger.cpp","944","38","944","56"
"Incorrect allocation-error handling","Mixing up the failure conditions of 'operator new' and 'operator new(std::nothrow)' can result in unexpected behavior.","warning","This allocation cannot return null. [[""This check""|""relative:///src/drivers/gps/devices/src/rtcm.cpp:73:9:73:18""]] is unnecessary.","/src/drivers/gps/devices/src/rtcm.cpp","71","26","71","52"
"Incorrect allocation-error handling","Mixing up the failure conditions of 'operator new' and 'operator new(std::nothrow)' can result in unexpected behavior.","warning","This allocation cannot return null. [[""This check""|""relative:///src/drivers/gps/gps.cpp:649:7:649:23""]] is unnecessary.","/src/drivers/gps/gps.cpp","646","22","646","37"
"Incorrect allocation-error handling","Mixing up the failure conditions of 'operator new' and 'operator new(std::nothrow)' can result in unexpected behavior.","warning","This allocation cannot return null. [[""This check""|""relative:///src/drivers/gps/gps.cpp:649:29:649:43""]] is unnecessary.","/src/drivers/gps/gps.cpp","647","20","647","35"
"Incorrect allocation-error handling","Mixing up the failure conditions of 'operator new' and 'operator new(std::nothrow)' can result in unexpected behavior.","warning","This allocation cannot return null. [[""This check""|""relative:///src/drivers/osd/msp_osd/msp_osd.cpp:453:6:453:13""]] is unnecessary.","/src/drivers/osd/msp_osd/msp_osd.cpp","451","21","451","38"
"Incorrect allocation-error handling","Mixing up the failure conditions of 'operator new' and 'operator new(std::nothrow)' can result in unexpected behavior.","warning","This allocation cannot return null. [[""This check""|""relative:///src/drivers/tone_alarm/ToneAlarm.cpp:240:7:240:14""]] is unnecessary.","/src/drivers/tone_alarm/ToneAlarm.cpp","238","24","238","38"
"Incorrect allocation-error handling","Mixing up the failure conditions of 'operator new' and 'operator new(std::nothrow)' can result in unexpected behavior.","warning","This allocation cannot return null. [[""This check""|""relative:///src/examples/fake_gps/FakeGps.cpp:96:6:96:13""]] is unnecessary.","/src/examples/fake_gps/FakeGps.cpp","94","22","94","34"
"Incorrect allocation-error handling","Mixing up the failure conditions of 'operator new' and 'operator new(std::nothrow)' can result in unexpected behavior.","warning","This allocation cannot return null. [[""This check""|""relative:///src/examples/fake_imu/FakeImu.cpp:170:6:170:13""]] is unnecessary.","/src/examples/fake_imu/FakeImu.cpp","168","22","168","34"
"Incorrect allocation-error handling","Mixing up the failure conditions of 'operator new' and 'operator new(std::nothrow)' can result in unexpected behavior.","warning","This allocation cannot return null. [[""This check""|""relative:///src/examples/fake_magnetometer/FakeMagnetometer.cpp:99:6:99:13""]] is unnecessary.","/src/examples/fake_magnetometer/FakeMagnetometer.cpp","97","31","97","52"
"Incorrect allocation-error handling","Mixing up the failure conditions of 'operator new' and 'operator new(std::nothrow)' can result in unexpected behavior.","warning","This allocation cannot return null. [[""This check""|""relative:///src/examples/work_item/WorkItemExample.cpp:134:6:134:13""]] is unnecessary.","/src/examples/work_item/WorkItemExample.cpp","132","30","132","50"
"Incorrect allocation-error handling","Mixing up the failure conditions of 'operator new' and 'operator new(std::nothrow)' can result in unexpected behavior.","warning","This allocation cannot return null. [[""This check""|""relative:///src/lib/cdev/CDev.cpp:240:10:240:20""]] is unnecessary.","/src/lib/cdev/CDev.cpp","232","40","232","75"
"Incorrect allocation-error handling","Mixing up the failure conditions of 'operator new' and 'operator new(std::nothrow)' can result in unexpected behavior.","warning","This allocation cannot return null. [[""This check""|""relative:///src/lib/cdev/test/cdevtest_example.cpp:253:6:253:21""]] is unnecessary.","/src/lib/cdev/test/cdevtest_example.cpp","251","10","251","23"
"Incorrect allocation-error handling","Mixing up the failure conditions of 'operator new' and 'operator new(std::nothrow)' can result in unexpected behavior.","warning","This allocation cannot return null. [[""This check""|""relative:///src/lib/dataman_client/DatamanClient.cpp:466:6:466:25""]] is unnecessary.","/src/lib/dataman_client/DatamanClient.cpp","464","20","464","41"
"Incorrect allocation-error handling","Mixing up the failure conditions of 'operator new' and 'operator new(std::nothrow)' can result in unexpected behavior.","warning","This allocation cannot return null. [[""This check""|""relative:///src/lib/dataman_client/DatamanClient.cpp:448:6:448:22""]] is unnecessary.","/src/lib/dataman_client/DatamanClient.cpp","446","11","446","32"
"Incorrect allocation-error handling","Mixing up the failure conditions of 'operator new' and 'operator new(std::nothrow)' can result in unexpected behavior.","warning","This allocation cannot return null. [[""This check""|""relative:///src/modules/airship_att_control/airship_att_control_main.cpp:148:6:148:13""]] is unnecessary.","/src/modules/airship_att_control/airship_att_control_main.cpp","146","37","146","64"
"Incorrect allocation-error handling","Mixing up the failure conditions of 'operator new' and 'operator new(std::nothrow)' can result in unexpected behavior.","warning","This allocation cannot return null. [[""This check""|""relative:///src/modules/airspeed_selector/airspeed_selector_main.cpp:228:7:228:9""]] is unnecessary.","/src/modules/airspeed_selector/airspeed_selector_main.cpp","225","24","225","43"
"Incorrect allocation-error handling","Mixing up the failure conditions of 'operator new' and 'operator new(std::nothrow)' can result in unexpected behavior.","warning","This allocation cannot return null. [[""This check""|""relative:///src/modules/attitude_estimator_q/attitude_estimator_q_main.cpp:596:6:596:13""]] is unnecessary.","/src/modules/attitude_estimator_q/attitude_estimator_q_main.cpp","594","33","594","56"
"Incorrect allocation-error handling","Mixing up the failure conditions of 'operator new' and 'operator new(std::nothrow)' can result in unexpected behavior.","warning","This allocation cannot return null. [[""This check""|""relative:///src/modules/camera_feedback/CameraFeedback.cpp:161:6:161:13""]] is unnecessary.","/src/modules/camera_feedback/CameraFeedback.cpp","159","29","159","48"
"Incorrect allocation-error handling","Mixing up the failure conditions of 'operator new' and 'operator new(std::nothrow)' can result in unexpected behavior.","warning","This allocation cannot return null. [[""This check""|""relative:///src/modules/commander/Commander.cpp:2659:6:2659:13""]] is unnecessary.","/src/modules/commander/Commander.cpp","2657","24","2657","38"
"Incorrect allocation-error handling","Mixing up the failure conditions of 'operator new' and 'operator new(std::nothrow)' can result in unexpected behavior.","warning","This allocation cannot return null. [[""This check""|""relative:///src/modules/control_allocator/ControlAllocator.cpp:771:6:771:13""]] is unnecessary.","/src/modules/control_allocator/ControlAllocator.cpp","769","31","769","52"
"Incorrect allocation-error handling","Mixing up the failure conditions of 'operator new' and 'operator new(std::nothrow)' can result in unexpected behavior.","warning","This allocation cannot return null. [[""This check""|""relative:///src/modules/differential_drive/DifferentialDrive.cpp:145:6:145:13""]] is unnecessary.","/src/modules/differential_drive/DifferentialDrive.cpp","143","32","143","54"
"Incorrect allocation-error handling","Mixing up the failure conditions of 'operator new' and 'operator new(std::nothrow)' can result in unexpected behavior.","warning","This allocation cannot return null. [[""This check""|""relative:///src/modules/ekf2/EKF/RingBuffer.h:78:7:78:24""]] is unnecessary.","/src/modules/ekf2/EKF/RingBuffer.h","76","13","76","34"
"Incorrect allocation-error handling","Mixing up the failure conditions of 'operator new' and 'operator new(std::nothrow)' can result in unexpected behavior.","warning","This allocation cannot return null. [[""This check""|""relative:///src/modules/ekf2/EKF/estimator_interface.cpp:464:8:464:30""]] is unnecessary.","/src/modules/ekf2/EKF/estimator_interface.cpp","462","19","462","64"
"Incorrect allocation-error handling","Mixing up the failure conditions of 'operator new' and 'operator new(std::nothrow)' can result in unexpected behavior.","warning","This allocation cannot return null. [[""This check""|""relative:///src/modules/ekf2/EKF/estimator_interface.cpp:429:7:429:36""]] is unnecessary.","/src/modules/ekf2/EKF/estimator_interface.cpp","427","25","427","76"
"Incorrect allocation-error handling","Mixing up the failure conditions of 'operator new' and 'operator new(std::nothrow)' can result in unexpected behavior.","warning","This allocation cannot return null. [[""This check""|""relative:///src/modules/ekf2/EKF/estimator_interface.cpp:393:7:393:31""]] is unnecessary.","/src/modules/ekf2/EKF/estimator_interface.cpp","391","20","391","67"
"Incorrect allocation-error handling","Mixing up the failure conditions of 'operator new' and 'operator new(std::nothrow)' can result in unexpected behavior.","warning","This allocation cannot return null. [[""This check""|""relative:///src/modules/ekf2/EKF/estimator_interface.cpp:354:7:354:35""]] is unnecessary.","/src/modules/ekf2/EKF/estimator_interface.cpp","352","24","352","74"
"Incorrect allocation-error handling","Mixing up the failure conditions of 'operator new' and 'operator new(std::nothrow)' can result in unexpected behavior.","warning","This allocation cannot return null. [[""This check""|""relative:///src/modules/ekf2/EKF/estimator_interface.cpp:317:7:317:29""]] is unnecessary.","/src/modules/ekf2/EKF/estimator_interface.cpp","315","18","315","63"
"Incorrect allocation-error handling","Mixing up the failure conditions of 'operator new' and 'operator new(std::nothrow)' can result in unexpected behavior.","warning","This allocation cannot return null. [[""This check""|""relative:///src/modules/ekf2/EKF/estimator_interface.cpp:279:7:279:30""]] is unnecessary.","/src/modules/ekf2/EKF/estimator_interface.cpp","277","19","277","65"
"Incorrect allocation-error handling","Mixing up the failure conditions of 'operator new' and 'operator new(std::nothrow)' can result in unexpected behavior.","warning","This allocation cannot return null. [[""This check""|""relative:///src/modules/ekf2/EKF/estimator_interface.cpp:242:7:242:33""]] is unnecessary.","/src/modules/ekf2/EKF/estimator_interface.cpp","240","22","240","71"
"Incorrect allocation-error handling","Mixing up the failure conditions of 'operator new' and 'operator new(std::nothrow)' can result in unexpected behavior.","warning","This allocation cannot return null. [[""This check""|""relative:///src/modules/ekf2/EKF/estimator_interface.cpp:204:7:204:29""]] is unnecessary.","/src/modules/ekf2/EKF/estimator_interface.cpp","202","18","202","63"
"Incorrect allocation-error handling","Mixing up the failure conditions of 'operator new' and 'operator new(std::nothrow)' can result in unexpected behavior.","warning","This allocation cannot return null. [[""This check""|""relative:///src/modules/ekf2/EKF/estimator_interface.cpp:122:7:122:28""]] is unnecessary.","/src/modules/ekf2/EKF/estimator_interface.cpp","120","17","120","61"
"Incorrect allocation-error handling","Mixing up the failure conditions of 'operator new' and 'operator new(std::nothrow)' can result in unexpected behavior.","warning","This allocation cannot return null. [[""This check""|""relative:///src/modules/ekf2/EKF/estimator_interface.cpp:160:7:160:28""]] is unnecessary.","/src/modules/ekf2/EKF/estimator_interface.cpp","158","17","158","62"
"Incorrect allocation-error handling","Mixing up the failure conditions of 'operator new' and 'operator new(std::nothrow)' can result in unexpected behavior.","warning","This allocation cannot return null. [[""This check""|""relative:///src/modules/ekf2/EKF2.cpp:2734:8:2734:11""]] is unnecessary.","/src/modules/ekf2/EKF2.cpp","2732","25","2732","42"
"Incorrect allocation-error handling","Mixing up the failure conditions of 'operator new' and 'operator new(std::nothrow)' can result in unexpected behavior.","warning","This allocation cannot return null. [[""This check""|""relative:///src/modules/ekf2/EKF2.cpp:2773:12:2773:20""]] is unnecessary.","/src/modules/ekf2/EKF2.cpp","2771","26","2771","76"
"Incorrect allocation-error handling","Mixing up the failure conditions of 'operator new' and 'operator new(std::nothrow)' can result in unexpected behavior.","warning","This allocation cannot return null. [[""This check""|""relative:///src/modules/ekf2/EKF2.cpp:2821:7:2821:15""]] is unnecessary.","/src/modules/ekf2/EKF2.cpp","2819","21","2819","78"
"Incorrect allocation-error handling","Mixing up the failure conditions of 'operator new' and 'operator new(std::nothrow)' can result in unexpected behavior.","warning","This allocation cannot return null. [[""This check""|""relative:///src/modules/events/send_event.cpp:54:7:54:16""]] is unnecessary.","/src/modules/events/send_event.cpp","52","26","52","40"
"Incorrect allocation-error handling","Mixing up the failure conditions of 'operator new' and 'operator new(std::nothrow)' can result in unexpected behavior.","warning","This allocation cannot return null. [[""This check""|""relative:///src/modules/flight_mode_manager/FlightModeManager.cpp:441:6:441:13""]] is unnecessary.","/src/modules/flight_mode_manager/FlightModeManager.cpp","439","32","439","54"
"Incorrect allocation-error handling","Mixing up the failure conditions of 'operator new' and 'operator new(std::nothrow)' can result in unexpected behavior.","warning","This allocation cannot return null. [[""This check""|""relative:///src/modules/fw_att_control/FixedwingAttitudeControl.cpp:434:6:434:13""]] is unnecessary.","/src/modules/fw_att_control/FixedwingAttitudeControl.cpp","432","39","432","72"
"Incorrect allocation-error handling","Mixing up the failure conditions of 'operator new' and 'operator new(std::nothrow)' can result in unexpected behavior.","warning","This allocation cannot return null. [[""This check""|""relative:///src/modules/fw_autotune_attitude_control/fw_autotune_attitude_control.cpp:711:6:711:13""]] is unnecessary.","/src/modules/fw_autotune_attitude_control/fw_autotune_attitude_control.cpp","709","40","709","77"
"Incorrect allocation-error handling","Mixing up the failure conditions of 'operator new' and 'operator new(std::nothrow)' can result in unexpected behavior.","warning","This allocation cannot return null. [[""This check""|""relative:///src/modules/fw_pos_control/FixedwingPositionControl.cpp:3106:6:3106:13""]] is unnecessary.","/src/modules/fw_pos_control/FixedwingPositionControl.cpp","3104","39","3104","72"
"Incorrect allocation-error handling","Mixing up the failure conditions of 'operator new' and 'operator new(std::nothrow)' can result in unexpected behavior.","warning","This allocation cannot return null. [[""This check""|""relative:///src/modules/fw_rate_control/FixedwingRateControl.cpp:527:6:527:13""]] is unnecessary.","/src/modules/fw_rate_control/FixedwingRateControl.cpp","525","35","525","64"
"Incorrect allocation-error handling","Mixing up the failure conditions of 'operator new' and 'operator new(std::nothrow)' can result in unexpected behavior.","warning","This allocation cannot return null. [[""This check""|""relative:///src/modules/gimbal/gimbal.cpp:171:20:171:29""]] is unnecessary.","/src/modules/gimbal/gimbal.cpp","169","28","169","47"
"Incorrect allocation-error handling","Mixing up the failure conditions of 'operator new' and 'operator new(std::nothrow)' can result in unexpected behavior.","warning","This allocation cannot return null. [[""This check""|""relative:///src/modules/gimbal/gimbal.cpp:178:20:178:29""]] is unnecessary.","/src/modules/gimbal/gimbal.cpp","176","28","176","54"
"Incorrect allocation-error handling","Mixing up the failure conditions of 'operator new' and 'operator new(std::nothrow)' can result in unexpected behavior.","warning","This allocation cannot return null. [[""This check""|""relative:///src/modules/gimbal/gimbal.cpp:185:20:185:29""]] is unnecessary.","/src/modules/gimbal/gimbal.cpp","183","28","183","54"
"Incorrect allocation-error handling","Mixing up the failure conditions of 'operator new' and 'operator new(std::nothrow)' can result in unexpected behavior.","warning","This allocation cannot return null. [[""This check""|""relative:///src/modules/gyro_calibration/GyroCalibration.cpp:287:6:287:13""]] is unnecessary.","/src/modules/gyro_calibration/GyroCalibration.cpp","285","30","285","50"
"Incorrect allocation-error handling","Mixing up the failure conditions of 'operator new' and 'operator new(std::nothrow)' can result in unexpected behavior.","warning","This allocation cannot return null. [[""This check""|""relative:///src/modules/gyro_fft/GyroFFT.cpp:684:6:684:13""]] is unnecessary.","/src/modules/gyro_fft/GyroFFT.cpp","682","22","682","34"
"Incorrect allocation-error handling","Mixing up the failure conditions of 'operator new' and 'operator new(std::nothrow)' can result in unexpected behavior.","warning","This allocation cannot return null. [[""This check""|""relative:///src/modules/gyro_fft/GyroFFT.hpp:109:11:109:29""]] is unnecessary.","/src/modules/gyro_fft/GyroFFT.hpp","100","25","100","36"
"Incorrect allocation-error handling","Mixing up the failure conditions of 'operator new' and 'operator new(std::nothrow)' can result in unexpected behavior.","warning","This allocation cannot return null. [[""This check""|""relative:///src/modules/gyro_fft/GyroFFT.hpp:109:34:109:52""]] is unnecessary.","/src/modules/gyro_fft/GyroFFT.hpp","101","25","101","36"
"Incorrect allocation-error handling","Mixing up the failure conditions of 'operator new' and 'operator new(std::nothrow)' can result in unexpected behavior.","warning","This allocation cannot return null. [[""This check""|""relative:///src/modules/gyro_fft/GyroFFT.hpp:109:57:109:75""]] is unnecessary.","/src/modules/gyro_fft/GyroFFT.hpp","102","25","102","36"
"Incorrect allocation-error handling","Mixing up the failure conditions of 'operator new' and 'operator new(std::nothrow)' can result in unexpected behavior.","warning","This allocation cannot return null. [[""This check""|""relative:///src/modules/gyro_fft/GyroFFT.hpp:110:7:110:21""]] is unnecessary.","/src/modules/gyro_fft/GyroFFT.hpp","103","21","103","32"
"Incorrect allocation-error handling","Mixing up the failure conditions of 'operator new' and 'operator new(std::nothrow)' can result in unexpected behavior.","warning","This allocation cannot return null. [[""This check""|""relative:///src/modules/gyro_fft/GyroFFT.hpp:111:7:111:23""]] is unnecessary.","/src/modules/gyro_fft/GyroFFT.hpp","104","23","104","34"
"Incorrect allocation-error handling","Mixing up the failure conditions of 'operator new' and 'operator new(std::nothrow)' can result in unexpected behavior.","warning","This allocation cannot return null. [[""This check""|""relative:///src/modules/gyro_fft/GyroFFT.hpp:112:7:112:24""]] is unnecessary.","/src/modules/gyro_fft/GyroFFT.hpp","105","24","105","39"
"Incorrect allocation-error handling","Mixing up the failure conditions of 'operator new' and 'operator new(std::nothrow)' can result in unexpected behavior.","warning","This allocation cannot return null. [[""This check""|""relative:///src/modules/load_mon/LoadMon.cpp:68:7:68:9""]] is unnecessary.","/src/modules/load_mon/LoadMon.cpp","66","17","66","29"
"Incorrect allocation-error handling","Mixing up the failure conditions of 'operator new' and 'operator new(std::nothrow)' can result in unexpected behavior.","warning","This allocation cannot return null. [[""This check""|""relative:///src/modules/local_position_estimator/BlockLocalPositionEstimator.cpp:1030:6:1030:13""]] is unnecessary.","/src/modules/local_position_estimator/BlockLocalPositionEstimator.cpp","1028","42","1028","74"
"Incorrect allocation-error handling","Mixing up the failure conditions of 'operator new' and 'operator new(std::nothrow)' can result in unexpected behavior.","warning","This allocation cannot return null. [[""This check""|""relative:///src/modules/logger/log_writer.cpp:47:8:47:23""]] is unnecessary.","/src/modules/logger/log_writer.cpp","45","51","45","85"
"Incorrect allocation-error handling","Mixing up the failure conditions of 'operator new' and 'operator new(std::nothrow)' can result in unexpected behavior.","warning","This allocation cannot return null. [[""This check""|""relative:///src/modules/logger/log_writer.cpp:55:8:55:26""]] is unnecessary.","/src/modules/logger/log_writer.cpp","53","57","53","78"
"Incorrect allocation-error handling","Mixing up the failure conditions of 'operator new' and 'operator new(std::nothrow)' can result in unexpected behavior.","warning","This allocation cannot return null. [[""This check""|""relative:///src/modules/logger/logger.cpp:634:8:634:18""]] is unnecessary.","/src/modules/logger/logger.cpp","632","17","632","44"
"Incorrect allocation-error handling","Mixing up the failure conditions of 'operator new' and 'operator new(std::nothrow)' can result in unexpected behavior.","warning","This allocation cannot return null. [[""This check""|""relative:///src/modules/logger/logger.cpp:366:6:366:22""]] is unnecessary.","/src/modules/logger/logger.cpp","357","19","358","20"
"Incorrect allocation-error handling","Mixing up the failure conditions of 'operator new' and 'operator new(std::nothrow)' can result in unexpected behavior.","warning","This allocation cannot return null. [[""This check""|""relative:///src/modules/logger/util.cpp:268:7:268:9""]] is unnecessary.","/src/modules/logger/util.cpp","266","9","266","21"
"Incorrect allocation-error handling","Mixing up the failure conditions of 'operator new' and 'operator new(std::nothrow)' can result in unexpected behavior.","warning","This allocation cannot return null. [[""This check""|""relative:///src/modules/mag_bias_estimator/MagBiasEstimator.cpp:58:7:58:9""]] is unnecessary.","/src/modules/mag_bias_estimator/MagBiasEstimator.cpp","56","26","56","47"
"Incorrect allocation-error handling","Mixing up the failure conditions of 'operator new' and 'operator new(std::nothrow)' can result in unexpected behavior.","warning","This allocation cannot return null. [[""This check""|""relative:///src/modules/manual_control/ManualControl.cpp:503:6:503:13""]] is unnecessary.","/src/modules/manual_control/ManualControl.cpp","501","28","501","46"
"Incorrect allocation-error handling","Mixing up the failure conditions of 'operator new' and 'operator new(std::nothrow)' can result in unexpected behavior.","warning","This allocation cannot return null. [[""This check""|""relative:///src/modules/mavlink/mavlink_events.cpp:61:7:61:13""]] is unnecessary.","/src/modules/mavlink/mavlink_events.cpp","59","12","59","31"
"Incorrect allocation-error handling","Mixing up the failure conditions of 'operator new' and 'operator new(std::nothrow)' can result in unexpected behavior.","warning","This allocation cannot return null. [[""This check""|""relative:///src/modules/mavlink/mavlink_main.cpp:869:6:869:30""]] is unnecessary.","/src/modules/mavlink/mavlink_main.cpp","867","36","867","62"
"Incorrect allocation-error handling","Mixing up the failure conditions of 'operator new' and 'operator new(std::nothrow)' can result in unexpected behavior.","warning","This allocation cannot return null. [[""This check""|""relative:///src/modules/mavlink/mavlink_main.cpp:1250:8:1250:12""]] is unnecessary.","/src/modules/mavlink/mavlink_main.cpp","1248","25","1248","42"
"Incorrect allocation-error handling","Mixing up the failure conditions of 'operator new' and 'operator new(std::nothrow)' can result in unexpected behavior.","warning","This allocation cannot return null. [[""This check""|""relative:///src/modules/mavlink/mavlink_main.cpp:1226:12:1226:42""]] is unnecessary.","/src/modules/mavlink/mavlink_main.cpp","1216","13","1216","23"
"Incorrect allocation-error handling","Mixing up the failure conditions of 'operator new' and 'operator new(std::nothrow)' can result in unexpected behavior.","warning","This allocation cannot return null. [[""This check""|""relative:///src/modules/mavlink/mavlink_main.cpp:2742:7:2742:14""]] is unnecessary.","/src/modules/mavlink/mavlink_main.cpp","2738","22","2738","34"
"Incorrect allocation-error handling","Mixing up the failure conditions of 'operator new' and 'operator new(std::nothrow)' can result in unexpected behavior.","warning","This allocation cannot return null. [[""This check""|""relative:///src/modules/mavlink/mavlink_main.cpp:2769:7:2769:19""]] is unnecessary.","/src/modules/mavlink/mavlink_main.cpp","2766","19","2766","43"
"Incorrect allocation-error handling","Mixing up the failure conditions of 'operator new' and 'operator new(std::nothrow)' can result in unexpected behavior.","warning","This allocation cannot return null. [[""This check""|""relative:///src/modules/mavlink/mavlink_receiver.cpp:1869:7:1869:32""]] is unnecessary.","/src/modules/mavlink/mavlink_receiver.cpp","1867","21","1867","39"
"Incorrect allocation-error handling","Mixing up the failure conditions of 'operator new' and 'operator new(std::nothrow)' can result in unexpected behavior.","warning","This allocation cannot return null. [[""This check""|""relative:///src/modules/mavlink/mavlink_receiver.cpp:2762:8:2762:28""]] is unnecessary.","/src/modules/mavlink/mavlink_receiver.cpp","2760","17","2760","45"
"Incorrect allocation-error handling","Mixing up the failure conditions of 'operator new' and 'operator new(std::nothrow)' can result in unexpected behavior.","warning","This allocation cannot return null. [[""This check""|""relative:///src/modules/mavlink/mavlink_receiver.cpp:2780:8:2780:27""]] is unnecessary.","/src/modules/mavlink/mavlink_receiver.cpp","2778","16","2778","40"
"Incorrect allocation-error handling","Mixing up the failure conditions of 'operator new' and 'operator new(std::nothrow)' can result in unexpected behavior.","warning","This allocation cannot return null. [[""This check""|""relative:///src/modules/mavlink/mavlink_tests/mavlink_ftp_test.cpp:570:27:570:42""]] is unnecessary.
This allocation cannot return null. [[""This check""|""relative:///src/modules/mavlink/mavlink_tests/mavlink_ftp_test.cpp:570:3:570:43""]] is unnecessary.","/src/modules/mavlink/mavlink_tests/mavlink_ftp_test.cpp","569","20","569","42"
"Incorrect allocation-error handling","Mixing up the failure conditions of 'operator new' and 'operator new(std::nothrow)' can result in unexpected behavior.","warning","This allocation cannot return null. [[""This check""|""relative:///src/modules/mavlink/mavlink_tests/mavlink_ftp_test.cpp:468:27:468:42""]] is unnecessary.
This allocation cannot return null. [[""This check""|""relative:///src/modules/mavlink/mavlink_tests/mavlink_ftp_test.cpp:468:3:468:43""]] is unnecessary.","/src/modules/mavlink/mavlink_tests/mavlink_ftp_test.cpp","467","20","467","42"
"Incorrect allocation-error handling","Mixing up the failure conditions of 'operator new' and 'operator new(std::nothrow)' can result in unexpected behavior.","warning","This allocation cannot return null. [[""This check""|""relative:///src/modules/mavlink/mavlink_ulog.cpp:219:8:219:16""]] is unnecessary.","/src/modules/mavlink/mavlink_ulog.cpp","217","21","217","95"
"Incorrect allocation-error handling","Mixing up the failure conditions of 'operator new' and 'operator new(std::nothrow)' can result in unexpected behavior.","warning","This allocation cannot return null. [[""This check""|""relative:///src/modules/mc_att_control/mc_att_control_main.cpp:377:6:377:13""]] is unnecessary.","/src/modules/mc_att_control/mc_att_control_main.cpp","375","41","375","76"
"Incorrect allocation-error handling","Mixing up the failure conditions of 'operator new' and 'operator new(std::nothrow)' can result in unexpected behavior.","warning","This allocation cannot return null. [[""This check""|""relative:///src/modules/mc_autotune_attitude_control/mc_autotune_attitude_control.cpp:633:6:633:13""]] is unnecessary.","/src/modules/mc_autotune_attitude_control/mc_autotune_attitude_control.cpp","631","40","631","70"
"Incorrect allocation-error handling","Mixing up the failure conditions of 'operator new' and 'operator new(std::nothrow)' can result in unexpected behavior.","warning","This allocation cannot return null. [[""This check""|""relative:///src/modules/mc_hover_thrust_estimator/MulticopterHoverThrustEstimator.cpp:257:6:257:13""]] is unnecessary.","/src/modules/mc_hover_thrust_estimator/MulticopterHoverThrustEstimator.cpp","255","46","255","82"
"Incorrect allocation-error handling","Mixing up the failure conditions of 'operator new' and 'operator new(std::nothrow)' can result in unexpected behavior.","warning","This allocation cannot return null. [[""This check""|""relative:///src/modules/mc_pos_control/MulticopterPositionControl.cpp:669:6:669:13""]] is unnecessary.","/src/modules/mc_pos_control/MulticopterPositionControl.cpp","667","41","667","76"
"Incorrect allocation-error handling","Mixing up the failure conditions of 'operator new' and 'operator new(std::nothrow)' can result in unexpected behavior.","warning","This allocation cannot return null. [[""This check""|""relative:///src/modules/mc_rate_control/MulticopterRateControl.cpp:304:6:304:13""]] is unnecessary.","/src/modules/mc_rate_control/MulticopterRateControl.cpp","302","37","302","68"
"Incorrect allocation-error handling","Mixing up the failure conditions of 'operator new' and 'operator new(std::nothrow)' can result in unexpected behavior.","warning","This allocation cannot return null. [[""This check""|""relative:///src/modules/navigator/geofence.cpp:250:10:250:21""]] is unnecessary.","/src/modules/navigator/geofence.cpp","248","34","248","67"
"Incorrect allocation-error handling","Mixing up the failure conditions of 'operator new' and 'operator new(std::nothrow)' can result in unexpected behavior.","warning","This allocation cannot return null. [[""This check""|""relative:///src/modules/navigator/navigator_main.cpp:1088:6:1088:24""]] is unnecessary.","/src/modules/navigator/navigator_main.cpp","1086","24","1086","38"
"Incorrect allocation-error handling","Mixing up the failure conditions of 'operator new' and 'operator new(std::nothrow)' can result in unexpected behavior.","warning","This allocation cannot return null. [[""This check""|""relative:///src/modules/payload_deliverer/payload_deliverer.cpp:364:6:364:13""]] is unnecessary.","/src/modules/payload_deliverer/payload_deliverer.cpp","362","31","362","52"
"Incorrect allocation-error handling","Mixing up the failure conditions of 'operator new' and 'operator new(std::nothrow)' can result in unexpected behavior.","warning","This allocation cannot return null. [[""This check""|""relative:///src/modules/rc_update/rc_update.cpp:709:6:709:13""]] is unnecessary.","/src/modules/rc_update/rc_update.cpp","707","23","707","36"
"Incorrect allocation-error handling","Mixing up the failure conditions of 'operator new' and 'operator new(std::nothrow)' can result in unexpected behavior.","warning","This allocation cannot return null. [[""This check""|""relative:///src/modules/replay/Replay.cpp:1180:6:1180:17""]] is unnecessary.","/src/modules/replay/Replay.cpp","1178","14","1178","25"
"Incorrect allocation-error handling","Mixing up the failure conditions of 'operator new' and 'operator new(std::nothrow)' can result in unexpected behavior.","warning","This allocation cannot return null. [[""This check""|""relative:///src/modules/rover_pos_control/RoverPositionControl.cpp:503:6:503:13""]] is unnecessary.","/src/modules/rover_pos_control/RoverPositionControl.cpp","501","35","501","60"
"Incorrect allocation-error handling","Mixing up the failure conditions of 'operator new' and 'operator new(std::nothrow)' can result in unexpected behavior.","warning","This allocation cannot return null. [[""This check""|""relative:///src/modules/sensors/data_validator/DataValidatorGroup.cpp:88:7:88:15""]] is unnecessary.","/src/modules/sensors/data_validator/DataValidatorGroup.cpp","86","29","86","47"
"Incorrect allocation-error handling","Mixing up the failure conditions of 'operator new' and 'operator new(std::nothrow)' can result in unexpected behavior.","warning","This allocation cannot return null. [[""This check""|""relative:///src/modules/sensors/sensors.cpp:509:8:509:28""]] is unnecessary.","/src/modules/sensors/sensors.cpp","507","28","507","51"
"Incorrect allocation-error handling","Mixing up the failure conditions of 'operator new' and 'operator new(std::nothrow)' can result in unexpected behavior.","warning","This allocation cannot return null. [[""This check""|""relative:///src/modules/sensors/sensors.cpp:492:8:492:28""]] is unnecessary.","/src/modules/sensors/sensors.cpp","490","28","490","52"
"Incorrect allocation-error handling","Mixing up the failure conditions of 'operator new' and 'operator new(std::nothrow)' can result in unexpected behavior.","warning","This allocation cannot return null. [[""This check""|""relative:///src/modules/sensors/sensors.cpp:467:9:467:22""]] is unnecessary.","/src/modules/sensors/sensors.cpp","465","23","465","56"
"Incorrect allocation-error handling","Mixing up the failure conditions of 'operator new' and 'operator new(std::nothrow)' can result in unexpected behavior.","warning","This allocation cannot return null. [[""This check""|""relative:///src/modules/sensors/sensors.cpp:442:8:442:28""]] is unnecessary.","/src/modules/sensors/sensors.cpp","440","28","440","51"
"Incorrect allocation-error handling","Mixing up the failure conditions of 'operator new' and 'operator new(std::nothrow)' can result in unexpected behavior.","warning","This allocation cannot return null. [[""This check""|""relative:///src/modules/sensors/sensors.cpp:427:8:427:24""]] is unnecessary.","/src/modules/sensors/sensors.cpp","425","24","425","43"
"Incorrect allocation-error handling","Mixing up the failure conditions of 'operator new' and 'operator new(std::nothrow)' can result in unexpected behavior.","warning","This allocation cannot return null. [[""This check""|""relative:///src/modules/sensors/sensors.cpp:669:6:669:13""]] is unnecessary.","/src/modules/sensors/sensors.cpp","667","22","667","45"
"Incorrect allocation-error handling","Mixing up the failure conditions of 'operator new' and 'operator new(std::nothrow)' can result in unexpected behavior.","warning","This allocation cannot return null. [[""This check""|""relative:///src/modules/sensors/vehicle_angular_velocity/VehicleAngularVelocity.cpp:453:9:453:37""]] is unnecessary.","/src/modules/sensors/vehicle_angular_velocity/VehicleAngularVelocity.cpp","451","37","451","78"
"Incorrect allocation-error handling","Mixing up the failure conditions of 'operator new' and 'operator new(std::nothrow)' can result in unexpected behavior.","warning","This allocation cannot return null. [[""This check""|""relative:///src/modules/simulation/battery_simulator/BatterySimulator.cpp:177:6:177:13""]] is unnecessary.","/src/modules/simulation/battery_simulator/BatterySimulator.cpp","175","31","175","52"
"Incorrect allocation-error handling","Mixing up the failure conditions of 'operator new' and 'operator new(std::nothrow)' can result in unexpected behavior.","warning","This allocation cannot return null. [[""This check""|""relative:///src/modules/simulation/gz_bridge/GZBridge.cpp:326:6:326:13""]] is unnecessary.","/src/modules/simulation/gz_bridge/GZBridge.cpp","324","23","324","81"
"Incorrect allocation-error handling","Mixing up the failure conditions of 'operator new' and 'operator new(std::nothrow)' can result in unexpected behavior.","warning","This allocation cannot return null. [[""This check""|""relative:///src/modules/simulation/pwm_out_sim/PWMSim.cpp:144:7:144:14""]] is unnecessary.","/src/modules/simulation/pwm_out_sim/PWMSim.cpp","142","21","142","40"
"Incorrect allocation-error handling","Mixing up the failure conditions of 'operator new' and 'operator new(std::nothrow)' can result in unexpected behavior.","warning","This allocation cannot return null. [[""This check""|""relative:///src/modules/simulation/sensor_airspeed_sim/SensorAirspeedSim.cpp:161:6:161:13""]] is unnecessary.","/src/modules/simulation/sensor_airspeed_sim/SensorAirspeedSim.cpp","159","32","159","54"
"Incorrect allocation-error handling","Mixing up the failure conditions of 'operator new' and 'operator new(std::nothrow)' can result in unexpected behavior.","warning","This allocation cannot return null. [[""This check""|""relative:///src/modules/simulation/sensor_baro_sim/SensorBaroSim.cpp:185:6:185:13""]] is unnecessary.","/src/modules/simulation/sensor_baro_sim/SensorBaroSim.cpp","183","28","183","46"
"Incorrect allocation-error handling","Mixing up the failure conditions of 'operator new' and 'operator new(std::nothrow)' can result in unexpected behavior.","warning","This allocation cannot return null. [[""This check""|""relative:///src/modules/simulation/sensor_gps_sim/SensorGpsSim.cpp:189:6:189:13""]] is unnecessary.","/src/modules/simulation/sensor_gps_sim/SensorGpsSim.cpp","187","27","187","44"
"Incorrect allocation-error handling","Mixing up the failure conditions of 'operator new' and 'operator new(std::nothrow)' can result in unexpected behavior.","warning","This allocation cannot return null. [[""This check""|""relative:///src/modules/simulation/sensor_mag_sim/SensorMagSim.cpp:149:6:149:13""]] is unnecessary.","/src/modules/simulation/sensor_mag_sim/SensorMagSim.cpp","147","27","147","44"
"Incorrect allocation-error handling","Mixing up the failure conditions of 'operator new' and 'operator new(std::nothrow)' can result in unexpected behavior.","warning","This allocation cannot return null. [[""This check""|""relative:///src/modules/simulation/simulator_mavlink/SimulatorMavlink.cpp:1568:6:1568:14""]] is unnecessary.","/src/modules/simulation/simulator_mavlink/SimulatorMavlink.cpp","1566","14","1566","35"
"Incorrect allocation-error handling","Mixing up the failure conditions of 'operator new' and 'operator new(std::nothrow)' can result in unexpected behavior.","warning","This allocation cannot return null. [[""This check""|""relative:///src/modules/simulation/simulator_sih/sih.cpp:665:6:665:24""]] is unnecessary.","/src/modules/simulation/simulator_sih/sih.cpp","663","18","663","26"
"Incorrect allocation-error handling","Mixing up the failure conditions of 'operator new' and 'operator new(std::nothrow)' can result in unexpected behavior.","warning","This allocation cannot return null. [[""This check""|""relative:///src/modules/temperature_compensation/TemperatureCompensationModule.cpp:363:6:363:13""]] is unnecessary.","/src/modules/temperature_compensation/TemperatureCompensationModule.cpp","361","44","361","78"
"Incorrect allocation-error handling","Mixing up the failure conditions of 'operator new' and 'operator new(std::nothrow)' can result in unexpected behavior.","warning","This allocation cannot return null. [[""This check""|""relative:///src/modules/uuv_att_control/uuv_att_control.cpp:283:6:283:13""]] is unnecessary.","/src/modules/uuv_att_control/uuv_att_control.cpp","281","33","281","56"
"Incorrect allocation-error handling","Mixing up the failure conditions of 'operator new' and 'operator new(std::nothrow)' can result in unexpected behavior.","warning","This allocation cannot return null. [[""This check""|""relative:///src/modules/uuv_pos_control/uuv_pos_control.cpp:210:6:210:13""]] is unnecessary.","/src/modules/uuv_pos_control/uuv_pos_control.cpp","208","28","208","46"
"Incorrect allocation-error handling","Mixing up the failure conditions of 'operator new' and 'operator new(std::nothrow)' can result in unexpected behavior.","warning","This allocation cannot return null. [[""This check""|""relative:///src/modules/uxrce_dds_client/uxrce_dds_client.cpp:143:7:143:23""]] is unnecessary.","/src/modules/uxrce_dds_client/uxrce_dds_client.cpp","137","23","137","46"
"Incorrect allocation-error handling","Mixing up the failure conditions of 'operator new' and 'operator new(std::nothrow)' can result in unexpected behavior.","warning","This allocation cannot return null. [[""This check""|""relative:///src/modules/uxrce_dds_client/uxrce_dds_client.cpp:169:7:169:20""]] is unnecessary.","/src/modules/uxrce_dds_client/uxrce_dds_client.cpp","167","20","167","40"
"Incorrect allocation-error handling","Mixing up the failure conditions of 'operator new' and 'operator new(std::nothrow)' can result in unexpected behavior.","warning","This allocation cannot return null. [[""This check""|""relative:///src/modules/uxrce_dds_client/uxrce_dds_client.cpp:338:7:338:11""]] is unnecessary.","/src/modules/uxrce_dds_client/uxrce_dds_client.cpp","335","10","335","29"
"Incorrect allocation-error handling","Mixing up the failure conditions of 'operator new' and 'operator new(std::nothrow)' can result in unexpected behavior.","warning","This allocation cannot return null. [[""This check""|""relative:///src/modules/uxrce_dds_client/uxrce_dds_client.cpp:338:17:338:21""]] is unnecessary.","/src/modules/uxrce_dds_client/uxrce_dds_client.cpp","336","10","336","28"
"Incorrect allocation-error handling","Mixing up the failure conditions of 'operator new' and 'operator new(std::nothrow)' can result in unexpected behavior.","warning","This allocation cannot return null. [[""This check""|""relative:///src/modules/vtol_att_control/vtol_att_control_main.cpp:473:6:473:13""]] is unnecessary.","/src/modules/vtol_att_control/vtol_att_control_main.cpp","471","34","471","58"
